Top pages,Clicks,Impressions,CTR,Position
https://www.cookie-banner.ca/,39,2647,1.47%,16.04
https://www.cookie-banner.ca/blog/cookie-consent-canada-guide-2025,34,1599,2.13%,5.6
https://www.cookie-banner.ca/blog/pipeda-compliance-checklist,13,854,1.52%,17.65
https://www.cookie-banner.ca/blog/gdpr-cookie-consent-requirements,12,8839,0.14%,48.85
https://www.cookie-banner.ca/integrations/react,10,2050,0.49%,14.95
https://www.cookie-banner.ca/webflow-cookie-consent-free,5,1483,0.34%,30.34
https://www.cookie-banner.ca/solutions/saas,5,182,2.75%,11.45
https://www.cookie-banner.ca/features/how-it-works,4,171,2.34%,12.44
https://www.cookie-banner.ca/tools/cookie-scanner,3,6071,0.05%,61.2
https://www.cookie-banner.ca/solutions/healthcare,2,303,0.66%,9.48
https://www.cookie-banner.ca/about,2,41,4.88%,5.24
https://www.cookie-banner.ca/features/privacy-laws,1,271,0.37%,33.55
https://www.cookie-banner.ca/integrations/shopify,1,245,0.41%,30.92
https://www.cookie-banner.ca/builder,1,216,0.46%,46.68
https://www.cookie-banner.ca/blog,1,203,0.49%,52.62
https://www.cookie-banner.ca/blog/pipeda-analytics-advertising-pixels,1,120,0.83%,6.78
https://www.cookie-banner.ca/compliance/ccpa,0,2907,0%,61.39
https://www.cookie-banner.ca/compare/cookiebot-alternative,0,2659,0%,30.61
https://www.cookie-banner.ca/integrations/wordpress,0,617,0%,31.69
https://www.cookie-banner.ca/integrations/wix,0,414,0%,22.75
https://www.cookie-banner.ca/blog/how-to-add-cookie-banner-wordpress,0,368,0%,12.32
https://www.cookie-banner.ca/integrations/google-tag-manager,0,351,0%,55.46
https://www.cookie-banner.ca/compliance/gdpr,0,256,0%,69.8
https://www.cookie-banner.ca/compliance/pipeda,0,91,0%,13.62
https://www.cookie-banner.ca/privacy,0,45,0%,44.29
https://www.cookie-banner.ca/upgrade,0,30,0%,20.37
https://www.cookie-banner.ca/terms,0,29,0%,14.66
https://www.cookie-banner.ca/blog/privacy-policy,0,29,0%,36.69
https://www.cookie-banner.ca/features/will-this-keep-me-compliant,0,10,0%,10.6
https://www.cookie-banner.ca/compliance,0,5,0%,3.8
https://www.cookie-banner.ca/integrations,0,5,0%,3.8
https://www.cookie-banner.ca/pricing,0,5,0%,3.8
https://www.cookie-banner.ca/support,0,5,0%,3.8
https://www.cookie-banner.ca/features/what-you-get,0,4,0%,10
https://www.cookie-banner.ca/auth/signup,0,1,0%,42