Top queries,Clicks,Impressions,CTR,Position
cookie banner,2,295,0.68%,8.78
cookie consent healthcare,1,140,0.71%,9.46
pipeda compliance checklist,1,51,1.96%,7.69
free cookie consent webflow,1,24,4.17%,13.75
cookie consent banner generator,1,21,4.76%,24
cookie consent webflow free,1,17,5.88%,11.71
free cookie banner webflow,1,12,8.33%,11.58
free cookie banner,1,4,25%,32.75
cookie banner for website,1,2,50%,2
gdpr banner,1,1,100%,7
gdpr cookie consent,0,1472,0%,75.24
gdpr cookie compliance,0,1322,0%,77.15
cookie scanner,0,904,0%,60.68
cookie banner generator,0,691,0%,37.24
ccpa cookie compliance,0,630,0%,65.43
cookiebot alternatives,0,611,0%,37.61
cookie audit tool,0,486,0%,51.04
gdpr cookie consent requirements,0,466,0%,46.5
ccpa cookies,0,461,0%,56.52
ccpa cookie consent,0,432,0%,79.44
cookie scan,0,414,0%,68
ccpa cookie requirements,0,381,0%,63.23
alternatives to cookiebot,0,380,0%,43.69
cookie scanning tools,0,325,0%,74.63
free cookies audit software,0,310,0%,55.94
cookie consent gdpr,0,308,0%,73.03
ccpa cookie,0,292,0%,68.6
ccpa cookie banner,0,292,0%,71.89
law 25 cookie banner,0,283,0%,7.67
webflow cookie consent,0,275,0%,35.1
cookie scanning tool,0,274,0%,74.47
website cookie scanner,0,245,0%,62.13
cookie banner requirements,0,235,0%,84.01
cookie consent,0,182,0%,87.15
free cookie scanner,0,179,0%,51.05
cookie scanning,0,178,0%,72.79
react cookie consent,0,176,0%,32.49
cookie banner wordpress,0,151,0%,59.48
cookiebot alternative,0,149,0%,35.64
cookie checker,0,149,0%,89.32
cookie consent banners,0,126,0%,12.78
cookie compliance,0,126,0%,86.72
gdpr cookies,0,122,0%,91.98
gdpr cookie,0,120,0%,92.95
cookies auditing tool,0,115,0%,52.48
best cookie audit tool,0,111,0%,54.88
webflow gdpr,0,108,0%,56.19
cookiebot shopify,0,107,0%,50.25
cookie audit,0,106,0%,77.88
website cookie checker,0,100,0%,78.94
cookie audit software,0,100,0%,87.18
web cookie scanner,0,98,0%,57.86
webflow cookie banner,0,92,0%,44.58
cookie consent webflow,0,91,0%,31.45
cookie-banner generator opt-in,0,90,0%,17.07
cookie banner webflow,0,90,0%,44.78
gdpr cookie requirements,0,89,0%,66.4
cookies gdpr,0,87,0%,85.36
webflow cookies,0,86,0%,54.4
cookiebot pricing,0,80,0%,47.35
gdpr cookies consent,0,76,0%,38.8
gdpr cookie policy,0,74,0%,94.27
gdpr and cookies,0,73,0%,87
cookie banner generator free,0,69,0%,21.74
cpra cookies,0,68,0%,8.72
gdpr cookies requirements,0,67,0%,38.1
cookie analyzer,0,67,0%,72.06
website cookie audit tool,0,66,0%,43.61
ccpa cookie banner requirements,0,64,0%,70.56
react cookie banner,0,62,0%,14.84
cookie tool audit,0,61,0%,51.41
alternativa cookiebot,0,60,0%,22.08
gdpr cookie consent requirements cookies bar opt out,0,60,0%,22.23
gdpr compliant cookie policy template,0,58,0%,51.59
cookie scanner gdpr,0,57,0%,37.6
wordpress cookie banner,0,56,0%,66.23
pipeda compliance,0,56,0%,89.21
google tag manager cookies,0,54,0%,77.11
wix cookie banner,0,53,0%,44.77
google tag manager cookie consent,0,53,0%,67.55
cookie banner text generator,0,52,0%,19.75
what is gdpr cookie consent,0,52,0%,61.38
cookiebot vs complianz,0,52,0%,87.73
cpra cookie requirements,0,51,0%,37.16
cookie audit website,0,51,0%,83.47
cookies analyzer,0,50,0%,70.96
website cookie audit,0,49,0%,78.63
sub for a cookie banner,0,48,0%,7.4
cookie scanner free,0,47,0%,47.85
cookie scanner tool,0,46,0%,62.5
best cookie scanner,0,46,0%,71.48
audit website for cookies,0,46,0%,80.76
cookiebot alternatief,0,44,0%,30.86
gdpr cookie banner requirements,0,44,0%,62.77
pipeda checklist,0,42,0%,41.1
cookie consent requirements,0,42,0%,46.26
cookiebot preise,0,42,0%,57.67
cookie auditing tools,0,41,0%,78.27
cookies scanner,0,40,0%,57.95
scanner cookie,0,40,0%,74.6
california cookie law,0,40,0%,80.25
what is cookie consent,0,40,0%,95.5
wordpress cookie banner designing,0,38,0%,34.21
gtm cookie consent,0,38,0%,67.34
cookiescanner,0,38,0%,73.84
webflow gdpr compliance,0,37,0%,82.22
free cookie banner generator,0,36,0%,21.17
cookie banner audit,0,36,0%,25.78
cookie compliance checker,0,36,0%,66.36
cookie checker online,0,36,0%,74.56
cookie scanner kostenlos,0,34,0%,18.85
npm cookie consent,0,34,0%,31.47
cpra cookie consent,0,34,0%,44.26
scan cookies,0,34,0%,65.56
cookie detector,0,34,0%,68.18
essential cookies gdpr,0,33,0%,42.06
wix cookie consent,0,32,0%,47.66
cookie scan website,0,32,0%,58.31
scan website for cookies,0,32,0%,67.91
cookie scanner online,0,32,0%,68.59
gdpr cookie consent requirements cookies bar opt-out,0,31,0%,21.16
cookies checker,0,31,0%,93.58
cookie consent banner generator free,0,29,0%,18.45
cookie checker website,0,29,0%,76.38
scan my website for cookies,0,29,0%,92.1
cookie banner generator kostenlos,0,28,0%,16.57
alternatywa cookiebot,0,28,0%,28.89
cookie consent for saas,0,27,0%,17.19
cookiechecker,0,27,0%,95.04
cookie consent npm,0,26,0%,27.42
cookiebot price,0,26,0%,50.46
cookiebot free,0,25,0%,40.4
requirements valid cookie consent,0,25,0%,54.12
gdpr compliant cookie policy,0,25,0%,64.52
cookieyes vs cookiebot,0,25,0%,68.92
web cookies scanner,0,25,0%,69.04
cookie check website,0,25,0%,74.48
cookie banners,0,24,0%,10.67
gdpr cookie code,0,24,0%,60.83
gdpr cookie consent language,0,23,0%,52.13
wix cookie consent apps,0,22,0%,48
google tag manager cookie,0,22,0%,73.27
eu cookie compliance,0,22,0%,82.27
react-cookie-consent,0,21,0%,32.24
does the gdpr require cookie consent,0,21,0%,39.29
scansione cookie,0,21,0%,95.81
webflow cookie consent free,0,20,0%,16.4
cookiebot pricing free plan 2025,0,19,0%,9.37
cookie banner for no-code builders,0,19,0%,17.11
cookie audit plugin,0,19,0%,73.42
cookiebot pricing cookie banner,0,18,0%,15.5
cookie consent gtm tutorial,0,18,0%,68
cookiebot vs cookieyes,0,17,0%,54.06
lightweight cookie consent for react apps,0,16,0%,8.44
cookiebot pricing plans,0,16,0%,9.56
"""import wixstores from 'wix-stores'""",0,16,0%,10.31
cookiebot free alternative,0,16,0%,24.75
cookie consent checker,0,16,0%,76.56
free cookie consent banner generator,0,15,0%,18.6
cookiebot alternative free,0,15,0%,35.47
cpra cookie consent solution,0,15,0%,51.53
wordpress cookiebanner,0,15,0%,74.67
alternative cookiebot,0,14,0%,26.07
cpra cookie banner requirements,0,14,0%,46.93
cookie report,0,14,0%,94.93
react-cookie-consent google analytics,0,13,0%,19.23
react-cookie consent,0,13,0%,29.85
gdpr-cookie-compliance,0,13,0%,83.31
cookies and gdpr,0,13,0%,92.08
cpra cookie compliance,0,12,0%,32.58
gdpr compliant cookie consent gtm,0,12,0%,72.83
cookie consent compliance,0,12,0%,75.17
wordpress cookie banner plugin,0,12,0%,81.83
ccpa cookie consent requirements,0,12,0%,87.92
cookie consent canada,0,11,0%,3.45
analisi cookie,0,11,0%,14.82
cookies banner,0,11,0%,14.82
no-code cookie consent,0,11,0%,30.27
cookie gdpr,0,11,0%,96.64
cookiebot pricing plans 2025,0,10,0%,11.2
cookie consent webflow banner,0,10,0%,17.1
saas single sign-on location masking device cookie management,0,10,0%,28.6
cpra cookie policy generator,0,10,0%,46.8
gdpr cookies policy,0,10,0%,50.1
cookie consent generator,0,10,0%,59.2
what is the difference between ccpa and cpra,0,10,0%,59.2
gdpr cookie consent examples,0,10,0%,71.5
scan site for cookies,0,10,0%,75.9
cookie consent tool,0,10,0%,79.6
how do i make a gdpr-compliant cookie banner in next.js app router?,0,9,0%,8.22
free webflow cookie consent,0,9,0%,11.33
free cookie audit,0,9,0%,19.89
free cookie audit tool,0,9,0%,20.67
cookie banner generator cookie banner,0,9,0%,27.44
cookie consent react,0,9,0%,29.22
check cookie compliance,0,9,0%,30.11
next js cookie banner,0,9,0%,34.67
cpra cookie banner,0,9,0%,41.33
strictly necessary cookies gdpr,0,9,0%,45.44
gdpr webflow,0,9,0%,77.33
ccpa cookies consent,0,9,0%,84.11
cookie banner integration with wordpress and woocommerce,0,8,0%,9.5
cookiebot pricing 2025,0,8,0%,9.62
cookie policy template canada,0,8,0%,9.88
cookie banner nextjs,0,8,0%,16.5
cookie consent script gdpr,0,8,0%,56
ccpa cookie banner examples,0,8,0%,70.38
sub = cookie banner,0,7,0%,7.29
cookiebot pricing per domain per month,0,7,0%,10.71
cookie banner react,0,7,0%,17.57
webflow cookie consent banner gdpr,0,7,0%,18.29
cookiebot alternativen,0,7,0%,46.29
cookie banner wix,0,7,0%,49.29
website cookie check,0,7,0%,57.57
ccpa and cookies,0,7,0%,59
cookie requirements,0,7,0%,81.57
cookiebot alternative wordpress,0,7,0%,84.43
best open source cookie consent library gdpr ccpa react next.js 2024 2025,0,6,0%,4
yes,0,6,0%,5.67
cookiebot cost,0,6,0%,21.17
cookie banner check,0,6,0%,72.67
cookie consent manager gdpr,0,6,0%,81
cookie policy template gdpr,0,6,0%,88.83
online cookie scanner,0,6,0%,102
banner cookie,0,5,0%,3
is cookie consent required in canada,0,5,0%,4.2
cookies banners,0,5,0%,9.2
webflow free cookie consent,0,5,0%,16.4
best free cookie scanner,0,5,0%,19
cookie gdpr compliance,0,5,0%,44.6
google tag manager gdpr cookie consent,0,5,0%,60
cookie compliance gdpr,0,5,0%,72.6
cookie check,0,5,0%,72.8
gdpr cookies krav,0,5,0%,85.8
gdpr compliance & cookie consent,0,5,0%,87.8
banner cookies,0,4,0%,5
best react cookie consent library 2025,0,4,0%,6.5
free cookie consent banner tool,0,4,0%,7.25
"ccpa cpra compliance checklist 2025 -site:x.com -site:facebook.com 
-site:reddit.com -site:quora.com -site:termly.io -site:termsfeed.com 
-site:nolo.com -site:dataguidance.com -site:osano.com -site:yelp.com",0,4,0%,8.25
sub for cookie banner,0,4,0%,28.75
free cookie scanner tool,0,4,0%,29
cookie policy requirements,0,4,0%,37.25
nextjs cookie consent,0,4,0%,52
cookies banner gdpr,0,4,0%,60.25
scan for cookies,0,4,0%,69.5
gdpr cookie policy template,0,4,0%,71.5
cookie analyse,0,4,0%,72.5
pii compliance checklist,0,4,0%,78.5
attacat cookie audit tool,0,4,0%,80.25
gdpr google tag manager,0,4,0%,87.75
cookiebot priser,0,4,0%,88.75
cookie wix,0,4,0%,90
cookie banner mandatory,0,4,0%,91
cookie consent requirements usa,0,4,0%,91
pipeda compliant,0,4,0%,101
coockie banner,0,3,0%,3.33
subscribe for a cookie banner,0,3,0%,6.67
cookie-banner,0,3,0%,7
cookiebot pricing free plan,0,3,0%,9.33
cookiebot pricing per domain 2025,0,3,0%,9.67
nextjs cookie banner,0,3,0%,9.67
react gdpr cookie consent,0,3,0%,9.67
nextjs cookie consent banner,0,3,0%,10.67
cookie scan free,0,3,0%,13.67
is cookiebot free,0,3,0%,14
free cookie consent banner code,0,3,0%,19.67
react cookie consent google analytics,0,3,0%,20
cookie consent banner webflow,0,3,0%,27.33
gdpr cookie text,0,3,0%,36.67
cookie bot free,0,3,0%,39
next js cookie consent,0,3,0%,42
scanner cookies,0,3,0%,44.33
cookieyes wix app,0,3,0%,51.33
cookiebot scan,0,3,0%,57
what is difference between ccpa and cpra,0,3,0%,60
cookie scanner online free,0,3,0%,63.33
cookie scanners,0,3,0%,70.33
cookiebot vs iubenda,0,3,0%,70.33
cpra fines,0,3,0%,71.67
cookiebot gratis,0,3,0%,76.33
bannière cookie loi 25,0,3,0%,77
eu cookie law compliance,0,3,0%,85.67
how to implement cookie consent with google tag manager,0,3,0%,87.67
cookies consent,0,3,0%,89.33
gtm set cookie,0,3,0%,91
cookiebot scan report,0,3,0%,92
cookie banner plugin,0,3,0%,98
cookies prüfen,0,3,0%,99
only necessary cookies,0,2,0%,1
optionale cookies,0,2,0%,1
privacy banner,0,2,0%,1
cookie baner,0,2,0%,2
cookie consent management platforms for healthcare websites hipaa compliance,0,2,0%,5
gdpr cookie consent banner requirements,0,2,0%,5.5
cookie consent banner npm react,0,2,0%,7
cookie bot price,0,2,0%,8
next js cookie consent banner,0,2,0%,8
react cookie consent nextjs,0,2,0%,9.5
cooki banner,0,2,0%,10
cookiebot free plan,0,2,0%,10.5
cookiebot pricing per domain,0,2,0%,11.5
cookiebot plans,0,2,0%,12
react-cookie-consent npm,0,2,0%,15.5
scan cookies free,0,2,0%,17
cookie compliance scanner,0,2,0%,19.5
most customizable cookie banners platform,0,2,0%,20.5
cookies scanner free,0,2,0%,21
cookie analysis,0,2,0%,21.5
cookie banner npm,0,2,0%,23.5
cookie banner code,0,2,0%,26
tracking cookie scanner,0,2,0%,27.5
hipaa cookie consent,0,2,0%,31.5
cookieconsent npm,0,2,0%,32
cookie tester website,0,2,0%,33
scan for tracking cookies,0,2,0%,33.5
free website cookie scanner,0,2,0%,34.5
free cookiebot,0,2,0%,36
cookie banner tool,0,2,0%,36.5
npm cookieconsent,0,2,0%,37
cookiebot competitors,0,2,0%,37.5
gdpr and cookie consent,0,2,0%,37.5
is cookie consent required,0,2,0%,37.5
pipeda compliance requirements,0,2,0%,38.5
gdpr cookie banner generator,0,2,0%,41.5
cookie bot pricing,0,2,0%,42
do you need consent for cookies,0,2,0%,43
cookies webflow,0,2,0%,43.5
when do you need cookie banner,0,2,0%,44
wix cookie consent banner,0,2,0%,44
website cookie scan,0,2,0%,44.5
cookie consent nextjs,0,2,0%,46
cookie compliance ccpa,0,2,0%,47
cookieconsent react,0,2,0%,48
gdpr compliant cookie banner,0,2,0%,48.5
cookie scanner website,0,2,0%,49
consent cookie,0,2,0%,51
cookiebot kosten,0,2,0%,52
shopify cookiebot,0,2,0%,57
law 25 website compliance,0,2,0%,60
cookiebot react,0,2,0%,63
best cookie scanners,0,2,0%,66.5
check cookies website,0,2,0%,68
how to make a cookie banner,0,2,0%,68
iubenda vs cookiebot,0,2,0%,68
cookie banner google tag manager,0,2,0%,69.5
pipeda compliance authentication,0,2,0%,72.5
cookie script google tag manager,0,2,0%,73.5
scan cookies on website,0,2,0%,74
cookiebot free trial,0,2,0%,74.5
cookie policy template,0,2,0%,75
consent manager google tag manager,0,2,0%,75.5
scan website cookies,0,2,0%,75.5
rgpd cookies,0,2,0%,80
gtm cookies,0,2,0%,83.5
cpra consent,0,2,0%,85
ccpa cookie banners,0,2,0%,88
do i need cookie consent on my website,0,2,0%,91
cookie consent banner gdpr,0,2,0%,95
cookies.check,0,2,0%,95
what does gdpr say about cookies,0,2,0%,100
cookie überprüfen,0,2,0%,102.5
check cookies online,0,2,0%,103
cloudflare cookies banner ontario,0,1,0%,1
consent box,0,1,0%,1
cookie,0,1,0%,1
cookie consent banner,0,1,0%,1
cookie consent banner requirements,0,1,0%,1
cookie legal,0,1,0%,1
cookies bar,0,1,0%,1
cookies legal requirements,0,1,0%,1
"cookies – це невеликі текстові файли, які вебсайт зберігає у браузері 
користувача, щоб запам’ятати певну інформацію. маркетингові cookies 
зазвичай не є технічно необхідними, а спрямовані на поведінковий аналіз і 
рекламу. яка правова підстава для обробки найкраще підходить в такому 
випадку?",0,1,0%,1
cookiesayuda,0,1,0%,1
do you have to have a cookie banner on your website,0,1,0%,1
essential cookies only,0,1,0%,1
gdpr cookies compliance,0,1,0%,1
google consent mode v2,0,1,0%,1
pliki cookie,0,1,0%,1
strictly necessary only,0,1,0%,1
this website uses cookies,0,1,0%,1
what is consent cdn cookiebot,0,1,0%,1
what significant change did gdpr introduce regarding cookies since 2018?,0,1,0%,1
which is best to choose,0,1,0%,1
wp cookie consent,0,1,0%,1
クッキー 違法,0,1,0%,1
frappe js sdk,0,1,0%,2
gdpr legal cookie,0,1,0%,2
in english please,0,1,0%,2
why,0,1,0%,2
check which cookies a site uses,0,1,0%,3
do i need a cookie consent banner on my website,0,1,0%,3
gdpr cookie policy requirements,0,1,0%,3
what if i dont use it,0,1,0%,3
cookie banner service,0,1,0%,4
cookie consent banner nextjs,0,1,0%,4
cookiebanner,0,1,0%,4
cookies banner free,0,1,0%,4
cookies to ensure you get the best experience on our website. learn more,0,1,0%,4
cookies e privacy,0,1,0%,5
gdpr cookie consent requirements official guidance,0,1,0%,5
gdpr essential cookies consent required,0,1,0%,5
how to ensure my website built with a builder is gdpr compliant,0,1,0%,5
is it necessary,0,1,0%,5
list all,0,1,0%,5
is it required,0,1,0%,6
react cookie banner generator,0,1,0%,6
canada,0,1,0%,7
cookie banner design,0,1,0%,7
cookie plugin for wordpress,0,1,0%,7
cookie adoption requirements,0,1,0%,8
cookiebot pricing per month,0,1,0%,8
cookieyes webflow integration free tier,0,1,0%,8
gdpr opt-in requirements for marketing and cookies,0,1,0%,8
cookie banner free,0,1,0%,9
cookie consent react template pdf,0,1,0%,9
gdpr cookie compliance requirements,0,1,0%,9
how to cancel cookiebot subscription,0,1,0%,9
webflow cookie consent banner free,0,1,0%,9
webflow cookies template free download,0,1,0%,9
"what compliance checks (like opt-out flags or 'do not contact') are done 
during data import?",0,1,0%,9
"are there any platforms that help manage cookie consent for healthcare 
websites and comply with hipaa?",0,1,0%,10
"ccpa cpra enforcement actions 2025 -site:x.com -site:facebook.com 
-site:reddit.com -site:quora.com -site:termly.io -site:termsfeed.com 
-site:nolo.com -site:dataguidance.com -site:osano.com -site:yelp.com",0,1,0%,10
compliance banner,0,1,0%,10
consent banners,0,1,0%,10
cookie consent banner text,0,1,0%,10
cookiehub,0,1,0%,10
free cookie consent webflow gdpr,0,1,0%,10
gdpr cookie consent opt-in requirement,0,1,0%,10
gdpr cookie consent requirements 2025,0,1,0%,10
privacy policy generator canada,0,1,0%,10
cookie policy banner,0,1,0%,11
cookiebot pricingcookie banner,0,1,0%,11
cookieguard webflow pricing,0,1,0%,11
data privacy banner,0,1,0%,11
flowappz cookie consent webflow free plan,0,1,0%,11
free cookie banner for website,0,1,0%,11
html cookie banner,0,1,0%,11
quebec law 25 cookies consent requirements,0,1,0%,11
ccpa クッキー,0,1,0%,12
cookiebot pricing free plan 2026,0,1,0%,12
cookiebot pricing free tier,0,1,0%,12
cookiebot pricing plans 2026,0,1,0%,12
cookie consent webflow gdpr,0,1,0%,16
webflow cookie banner template,0,1,0%,16
nextjs cookie consent npm,0,1,0%,17
wordpress plugins 2025,0,1,0%,17
cookiebot shopify integration,0,1,0%,18
cookies banner design,0,1,0%,18
react set cookie,0,1,0%,19
window.cookieconsent,0,1,0%,19
best free cookie banner generator,0,1,0%,20
cookie scan online free,0,1,0%,20
cipa consent banner legal requirements,0,1,0%,21
biscuit free scan,0,1,0%,22
same,0,1,0%,22
cookiebot cancel subscription,0,1,0%,23
cookie analysis tool,0,1,0%,24
free cookiebot alternative,0,1,0%,24
test cookie consent,0,1,0%,26
jaka alternatywa dla cookiebot,0,1,0%,27
cookie detection,0,1,0%,28
cookie management gdpr,0,1,0%,28
cookiebot alternatives free,0,1,0%,29
cookies consent requirements,0,1,0%,29
cookie policy gdpr,0,1,0%,32
gdpr cookie law,0,1,0%,32
gdpr cookie scanner,0,1,0%,32
cookie consent framework,0,1,0%,34
cookie regulations,0,1,0%,35
cookie audit tools,0,1,0%,36
webflow add cookie consent,0,1,0%,36
webflow cookie banner integration,0,1,0%,37
free cookie consent for webflow,0,1,0%,38
cookie requirements gdpr,0,1,0%,39
cookies consent gdpr,0,1,0%,40
gdpr functional cookies,0,1,0%,40
cookie audit template,0,1,0%,41
cookie disclosure,0,1,0%,42
necessary cookies gdpr,0,1,0%,42
webflow cookies consent,0,1,0%,42
cookie policy gdpr compliant,0,1,0%,44
cookie-consent banner npm,0,1,0%,44
audit cookies,0,1,0%,45
best cookie consent for webflow,0,1,0%,45
beautiful cookie consent banner,0,1,0%,47
consent banner testing,0,1,0%,47
wix studio cookie banner,0,1,0%,47
cookie compliance solutions,0,1,0%,48
gdpr compliance for cookies,0,1,0%,48
cookie banner gdpr compliant,0,1,0%,49
cookie consent implementation,0,1,0%,49
cookies consent webflow,0,1,0%,49
cookie consent rules,0,1,0%,50
cookie banner ccpa,0,1,0%,51
free cookie checker,0,1,0%,51
ccpa banner,0,1,0%,52
check cookie,0,1,0%,52
cookie consent for webflow,0,1,0%,52
cookie banner kajabi,0,1,0%,57
check website for cookies,0,1,0%,60
free cookies website,0,1,0%,61
scheduled cookie scans,0,1,0%,63
cookie scan tool,0,1,0%,64
cookie banner wp,0,1,0%,66
gdpr compliance cookies,0,1,0%,71
california cookies law,0,1,0%,72
php cookie consent script,0,1,0%,72
cookie banner gdpr,0,1,0%,74
how to check your cookies,0,1,0%,75
banner cookies wordpress,0,1,0%,76
cookie scan online,0,1,0%,78
cookiebot templates,0,1,0%,79
gdpr cookie notice,0,1,0%,81
us cookie consent requirements,0,1,0%,82
cookie gdpr audit,0,1,0%,83
cookies checker online,0,1,0%,83
pipeda certification,0,1,0%,83
cookie consent google tag manager,0,1,0%,85
gdpr cookie compliance test,0,1,0%,87
free cookie consent generator,0,1,0%,91
pipeda data masking,0,1,0%,91
cookie consent law,0,1,0%,92
cookie consent policy,0,1,0%,92
cookie compliance test,0,1,0%,93
cookie analyser,0,1,0%,94
cookie consent examples,0,1,0%,94
integrating cookiebot wordpress,0,1,0%,95
cookies checken,0,1,0%,96
cookie viewer online,0,1,0%,97
cookiebot pris,0,1,0%,97
online cookie checker,0,1,0%,97
cookie tracker,0,1,0%,98
cookies tester,0,1,0%,98
customize cookiebot,0,1,0%,98
what are strictly necessary cookies,0,1,0%,98
wix cookie banner einfügen,0,1,0%,98
cookie tools website,0,1,0%,99
cookiebot script,0,1,0%,99
cookies überprüfen,0,1,0%,99
cockiebot,0,1,0%,104
website cookies checker,0,1,0%,114
cookie prüfen,0,1,0%,116
cookies testen,0,1,0%,116